SET SQL_MODE="NO_AUTO_VALUE_ON_ZERO";
SET time_zone = "+00:00";

/*!40101 SET @OLD_CHARACTER_SET_CLIENT=@@CHARACTER_SET_CLIENT */;
/*!40101 SET @OLD_CHARACTER_SET_RESULTS=@@CHARACTER_SET_RESULTS */;
/*!40101 SET @OLD_COLLATION_CONNECTION=@@COLLATION_CONNECTION */;
/*!40101 SET NAMES utf8 */;


CREATE TABLE IF NOT EXISTS `products` (
  `id` int(10) unsigned NOT NULL AUTO_INCREMENT,
  `name` varchar(255) NOT NULL,
  `description` text,
  `rank` int(10) unsigned NOT NULL DEFAULT '0',
  `is_active` tinyint(1) NOT NULL DEFAULT '0',
  `created` datetime DEFAULT NULL,
  `modified` datetime DEFAULT NULL,
  PRIMARY KEY (`id`)
) ENGINE=InnoDB  DEFAULT CHARSET=latin1 AUTO_INCREMENT=9 ;

INSERT INTO `products` (`id`, `name`, `description`, `rank`, `is_active`, `created`, `modified`) VALUES
(1, 'L6000 - RIVET NUT SPEED HEADER TOOL', 'For installing Engineered Threaded Blind Rivet Nuts.', 1, 1, '2013-07-11 09:57:39', '2013-08-29 09:20:42'),
(2, 'L7000 - RIVET NUT SPEED HEADER TOOL FOR PLUS TYPE FASTENERS', 'For installing Engineered Threaded Plus Type Fasteners.', 2, 1, '2013-07-11 09:58:23', '2013-08-29 09:20:58'),
(3, 'L722 - WRENCH TYPE RIVET NUT INSTALLATION TOOL', 'For larger sized fasteners. Comes with Alan Wrench.', 4, 1, '2013-07-11 09:58:35', '2013-08-29 09:21:22'),
(4, 'L1000 - RIVET NUT PLUS HEADER INSTALLATION TOOL', 'For slotted rivet nut fasteners.', 5, 1, '2013-07-11 09:59:07', '2013-08-29 09:21:53'),
(5, 'SCA CONVERSION KITS FOR L6000, L7000, L845', 'SCA Conversion Kits for quick and easy change out of threaded studs.', 8, 1, '2013-07-11 09:59:20', '2013-08-29 09:23:13'),
(6, 'REPLACEMENT STUDS FOR L6000 AND L7000			', 'Over time threaded studs can become worn down, replace them with our high quality threaded studs.', 6, 1, '2013-07-11 09:59:27', '2013-08-29 09:22:54'),
(7, 'REPLACEMENT STUDS FOR L845			', 'Over time threaded studs can become worn down, replace them with our high quality threaded studs.', 7, 1, '2013-07-11 10:02:41', '2013-08-29 09:23:03'),
(8, 'L845 - WRENCH TYPE RIVET NUT INSTALLATION TOOL', 'For regular sized fasteners. Comes with Alan Wrench.', 3, 1, '2013-07-17 11:40:17', '2013-08-29 09:21:14');

CREATE TABLE IF NOT EXISTS `product_images` (
  `id` int(10) unsigned NOT NULL AUTO_INCREMENT,
  `product_id` int(10) unsigned NOT NULL,
  `name` varchar(255) NOT NULL,
  `file` varchar(255) NOT NULL,
  `thumbnail_file` varchar(255) NOT NULL,
  `rank_order` int(11) NOT NULL,
  `created` datetime DEFAULT NULL,
  `modified` datetime DEFAULT NULL,
  PRIMARY KEY (`id`),
  KEY `fk_product_images_products1_idx` (`product_id`)
) ENGINE=InnoDB  DEFAULT CHARSET=latin1 AUTO_INCREMENT=10 ;

INSERT INTO `product_images` (`id`, `product_id`, `name`, `file`, `thumbnail_file`, `rank_order`, `created`, `modified`) VALUES
(1, 1, 'L6000', 'l6000.jpg', 'l6000-resize-150x69.jpg', 1, '2013-07-17 11:36:36', '2013-08-29 09:20:42'),
(2, 2, 'L7000', 'l7000.jpg', 'l7000-resize-150x69.jpg', 1, '2013-07-17 11:36:59', '2013-08-29 09:20:58'),
(3, 4, 'L1000', 'l1000.jpg', 'l1000-resize-150x258.jpg', 1, '2013-07-17 11:38:22', '2013-08-29 09:21:53'),
(4, 3, 'L722', 'l722.jpg', 'l722-resize-150x243.jpg', 1, '2013-07-17 11:39:40', '2013-08-29 09:21:22'),
(5, 8, 'L845', 'l845.jpg', 'l845-resize-150x243.jpg', 1, '2013-07-17 11:40:17', '2013-08-29 09:21:14'),
(7, 6, 'Replacement Studs', 'replacement_studs.jpg', 'replacement_studs-resize-150x112.jpg', 1, '2013-07-17 11:44:09', '2013-08-29 09:22:54'),
(8, 5, 'Conversion Kits', 'conversion_kits.jpg', 'conversion_kits-resize-150x108.jpg', 1, '2013-07-17 11:44:28', '2013-08-29 09:23:13'),
(9, 7, 'L845 Replacement Studs', 'l845_replacement_studs.jpg', 'l845_replacement_studs-resize-150x112.jpg', 1, '2013-07-17 11:44:50', '2013-08-29 09:23:03');

CREATE TABLE IF NOT EXISTS `skus` (
  `id` int(10) unsigned NOT NULL AUTO_INCREMENT,
  `product_id` int(10) unsigned NOT NULL,
  `part_no` varchar(255) NOT NULL,
  `alternative_part_no` varchar(255) DEFAULT NULL,
  `name` varchar(255) NOT NULL,
  `description` text,
  `price` decimal(10,2) NOT NULL DEFAULT '0.00',
  `is_active` tinyint(1) NOT NULL DEFAULT '0',
  `created` datetime DEFAULT NULL,
  `modified` datetime DEFAULT NULL,
  PRIMARY KEY (`id`),
  KEY `fk_skus_products1_idx` (`product_id`)
) ENGINE=InnoDB  DEFAULT CHARSET=latin1 AUTO_INCREMENT=81 ;

INSERT INTO `skus` (`id`, `product_id`, `part_no`, `alternative_part_no`, `name`, `description`, `price`, `is_active`, `created`, `modified`) VALUES
(1, 1, 'L6000-4/40', NULL, 'L6000-4/40 RIVET NUT SPEED HEADER TOOL', NULL, 96.00, 1, '2013-07-11 10:26:00', '2013-07-11 10:26:00'),
(2, 1, 'L6000-6/32', NULL, 'L6000-6/32 RIVET NUT SPEED HEADER TOOL', NULL, 96.00, 1, '2013-07-11 10:26:00', '2013-07-11 10:26:00'),
(3, 1, 'L6000-8/32', NULL, 'L6000-8/32 RIVET NUT SPEED HEADER TOOL', NULL, 96.00, 1, '2013-07-11 10:26:00', '2013-07-11 10:26:00'),
(4, 1, 'L6000-10/24', NULL, 'L6000-10/24 RIVET NUT SPEED HEADER TOOL', NULL, 96.00, 1, '2013-07-11 10:26:00', '2013-07-11 10:26:00'),
(5, 1, 'L6000-10/32', NULL, 'L6000-10/32 RIVET NUT SPEED HEADER TOOL', NULL, 96.00, 1, '2013-07-11 10:26:00', '2013-07-11 10:26:00'),
(6, 1, 'L6000-12/24', NULL, 'L6000-12/24 RIVET NUT SPEED HEADER TOOL', NULL, 96.00, 1, '2013-07-11 10:26:00', '2013-07-11 10:26:00'),
(7, 1, 'L6000-1/4-20', 'L6000-25-20', 'L6000-1/4-20 RIVET NUT SPEED HEADER TOOL', NULL, 109.10, 1, '2013-07-11 10:26:00', '2013-07-11 10:26:00'),
(8, 1, 'L6000-1/4-28', 'L6000-25-28', 'L6000-1/4-28 RIVET NUT SPEED HEADER TOOL', NULL, 109.10, 1, '2013-07-11 10:26:00', '2013-07-11 10:26:00'),
(9, 1, 'L6000-M4', NULL, 'L6000-M4 RIVET NUT SPEED HEADER TOOL', NULL, 116.60, 1, '2013-07-11 10:26:00', '2013-07-11 10:26:00'),
(10, 1, 'L6000-M5', NULL, 'L6000-M5 RIVET NUT SPEED HEADER TOOL', NULL, 116.60, 1, '2013-07-11 10:26:00', '2013-07-11 10:26:00'),
(11, 1, 'L6000-M6', NULL, 'L6000-M6 RIVET NUT SPEED HEADER TOOL', NULL, 116.60, 1, '2013-07-11 10:26:00', '2013-07-11 10:26:00'),
(12, 2, 'L7000-4/40', NULL, 'L7000-4/40 RIVET NUT SPEED HEADER TOOL FOR PLUS TYPE FASTENERS', NULL, 125.30, 1, '2013-07-11 10:26:00', '2013-07-11 10:26:00'),
(13, 2, 'L7000-6/32', NULL, 'L7000-6/32 RIVET NUT SPEED HEADER TOOL FOR PLUS TYPE FASTENERS', NULL, 125.30, 1, '2013-07-11 10:26:00', '2013-07-11 10:26:00'),
(14, 2, 'L7000-8/32', NULL, 'L7000-8/32 RIVET NUT SPEED HEADER TOOL FOR PLUS TYPE FASTENERS', NULL, 125.30, 1, '2013-07-11 10:26:00', '2013-07-11 10:26:00'),
(15, 2, 'L7000-10/24', NULL, 'L7000-10/24 RIVET NUT SPEED HEADER TOOL FOR PLUS TYPE FASTENERS', NULL, 125.30, 1, '2013-07-11 10:26:00', '2013-07-11 10:26:00'),
(16, 2, 'L7000-10/32', NULL, 'L7000-10/32 RIVET NUT SPEED HEADER TOOL FOR PLUS TYPE FASTENERS', NULL, 125.30, 1, '2013-07-11 10:26:00', '2013-07-11 10:26:00'),
(17, 2, 'L7000-1/4-20', 'L7000-25-20', 'L7000-1/4-20 RIVET NUT SPEED HEADER TOOL FOR PLUS TYPE FASTENERS', NULL, 125.30, 1, '2013-07-11 10:26:00', '2013-07-11 10:26:00'),
(18, 2, 'L7000-1/4-28', 'L7000-25-28', 'L7000-1/4-28 RIVET NUT SPEED HEADER TOOL FOR PLUS TYPE FASTENERS', NULL, 125.30, 1, '2013-07-11 10:26:00', '2013-07-11 10:26:00'),
(19, 2, 'L7000-M4', NULL, 'L7000-M4 RIVET NUT SPEED HEADER TOOL FOR PLUS TYPE FASTENERS', NULL, 126.50, 1, '2013-07-11 10:26:00', '2013-07-11 10:26:00'),
(20, 2, 'L7000-M5', NULL, 'L7000-M5 RIVET NUT SPEED HEADER TOOL FOR PLUS TYPE FASTENERS', NULL, 126.50, 1, '2013-07-11 10:26:00', '2013-07-11 10:26:00'),
(21, 2, 'L7000-M6', NULL, 'L7000-M6 RIVET NUT SPEED HEADER TOOL FOR PLUS TYPE FASTENERS', NULL, 126.50, 1, '2013-07-11 10:26:00', '2013-07-11 10:26:00'),
(22, 3, 'L722-5/16-18 ', 'L722-3118', 'L722-5/16-18  WRENCH TYPE RIVET NUT INSTALLATION TOOL', NULL, 34.50, 1, '2013-07-11 10:26:00', '2013-07-11 10:26:00'),
(23, 3, 'L722-5/16-24', 'L722-3124', 'L722-5/16-24 WRENCH TYPE RIVET NUT INSTALLATION TOOL', NULL, 34.50, 1, '2013-07-11 10:26:00', '2013-07-11 10:26:00'),
(24, 3, 'L722-3/8-16', 'L722-3716', 'L722-3/8-16 WRENCH TYPE RIVET NUT INSTALLATION TOOL', NULL, 34.50, 1, '2013-07-11 10:26:00', '2013-07-11 10:26:00'),
(25, 3, 'L722-3/8-24 ', 'L722-3724', 'L722-3/8-24  WRENCH TYPE RIVET NUT INSTALLATION TOOL', NULL, 34.50, 1, '2013-07-11 10:26:00', '2013-07-11 10:26:00'),
(26, 3, 'L722-1/2-13', 'L722-5013', 'L722-1/2-13 WRENCH TYPE RIVET NUT INSTALLATION TOOL', NULL, 57.50, 1, '2013-07-11 10:26:00', '2013-07-11 10:26:00'),
(27, 3, 'L722-1/2-20', 'L722-5020', 'L722-1/2-20 WRENCH TYPE RIVET NUT INSTALLATION TOOL', NULL, 57.50, 1, '2013-07-11 10:26:00', '2013-07-11 10:26:00'),
(28, 3, 'L722-M8', NULL, 'L722-M8 WRENCH TYPE RIVET NUT INSTALLATION TOOL', NULL, 55.65, 1, '2013-07-11 10:26:00', '2013-07-11 10:26:00'),
(29, 3, 'L722-M10', NULL, 'L722-M10 WRENCH TYPE RIVET NUT INSTALLATION TOOL', NULL, 55.65, 1, '2013-07-11 10:26:00', '2013-07-11 10:26:00'),
(30, 3, 'L722-M10X', NULL, 'L722-M10X WRENCH TYPE RIVET NUT INSTALLATION TOOL', NULL, 63.00, 1, '2013-07-11 10:26:00', '2013-07-11 10:26:00'),
(31, 8, 'L845-4/40', NULL, 'L845-4/40 WRENCH TYPE RIVET NUT INSTALLATION TOOL', NULL, 29.50, 1, '2013-07-11 10:26:00', '2013-07-11 10:26:00'),
(32, 8, 'L845-6/32', NULL, 'L845-6/32 WRENCH TYPE RIVET NUT INSTALLATION TOOL', NULL, 29.50, 1, '2013-07-11 10:26:00', '2013-07-11 10:26:00'),
(33, 8, 'L845-8/32', NULL, 'L845-8/32 WRENCH TYPE RIVET NUT INSTALLATION TOOL', NULL, 29.50, 1, '2013-07-11 10:26:00', '2013-07-11 10:26:00'),
(34, 8, 'L845-10/24', NULL, 'L845-10/24 WRENCH TYPE RIVET NUT INSTALLATION TOOL', NULL, 29.50, 1, '2013-07-11 10:26:00', '2013-07-11 10:26:00'),
(35, 8, 'L845-10/32', NULL, 'L845-10/32 WRENCH TYPE RIVET NUT INSTALLATION TOOL', NULL, 29.50, 1, '2013-07-11 10:26:00', '2013-07-11 10:26:00'),
(36, 8, 'L845-1/4-20', 'L845-25-20', 'L845-1/4-20 WRENCH TYPE RIVET NUT INSTALLATION TOOL', NULL, 29.50, 1, '2013-07-11 10:26:00', '2013-07-11 10:26:00'),
(37, 8, 'L845-1/4-28', 'L845-25-28', 'L845-1/4-28 WRENCH TYPE RIVET NUT INSTALLATION TOOL', NULL, 29.50, 1, '2013-07-11 10:26:00', '2013-07-11 10:26:00'),
(38, 8, 'L845-M4', NULL, 'L845-M4 WRENCH TYPE RIVET NUT INSTALLATION TOOL', NULL, 42.50, 1, '2013-07-11 10:26:00', '2013-07-11 10:26:00'),
(39, 8, 'L845-M5', NULL, 'L845-M5 WRENCH TYPE RIVET NUT INSTALLATION TOOL', NULL, 42.50, 1, '2013-07-11 10:26:00', '2013-07-11 10:26:00'),
(40, 8, 'L845-M6', NULL, 'L845-M6 WRENCH TYPE RIVET NUT INSTALLATION TOOL', NULL, 42.50, 1, '2013-07-11 10:26:00', '2013-07-11 10:26:00'),
(41, 4, 'L1000-4/40', NULL, 'L1000-4/40 RIVET NUT PLUS HEADER INSTALLATION TOOL', NULL, 29.35, 1, '2013-07-11 10:26:00', '2013-07-11 10:26:00'),
(42, 4, 'L1000-6/32', NULL, 'L1000-6/32 RIVET NUT PLUS HEADER INSTALLATION TOOL', NULL, 29.35, 1, '2013-07-11 10:26:00', '2013-07-11 10:26:00'),
(43, 4, 'L1000-8/32', NULL, 'L1000-8/32 RIVET NUT PLUS HEADER INSTALLATION TOOL', NULL, 29.35, 1, '2013-07-11 10:26:00', '2013-07-11 10:26:00'),
(44, 4, 'L1000-10/24', NULL, 'L1000-10/24 RIVET NUT PLUS HEADER INSTALLATION TOOL', NULL, 29.35, 1, '2013-07-11 10:26:00', '2013-07-11 10:26:00'),
(45, 4, 'L1000-10/32', NULL, 'L1000-10/32 RIVET NUT PLUS HEADER INSTALLATION TOOL', NULL, 29.35, 1, '2013-07-11 10:26:00', '2013-07-11 10:26:00'),
(46, 4, 'L1000-1/4-20', 'L1000-25-20', 'L1000-1/4-20 RIVET NUT PLUS HEADER INSTALLATION TOOL', NULL, 29.35, 1, '2013-07-11 10:26:00', '2013-07-11 10:26:00'),
(47, 4, 'L1000-1/4-28', 'L1000-25-28', 'L1000-1/4-28 RIVET NUT PLUS HEADER INSTALLATION TOOL', NULL, 29.35, 1, '2013-07-11 10:26:00', '2013-07-11 10:26:00'),
(48, 4, 'L1000-M4', NULL, 'L1000-M4 RIVET NUT PLUS HEADER INSTALLATION TOOL', NULL, 32.40, 1, '2013-07-11 10:26:00', '2013-07-11 10:26:00'),
(49, 4, 'L1000-M5', NULL, 'L1000-M5 RIVET NUT PLUS HEADER INSTALLATION TOOL', NULL, 32.40, 1, '2013-07-11 10:26:00', '2013-07-11 10:26:00'),
(50, 4, 'L1000-M6', NULL, 'L1000-M6 RIVET NUT PLUS HEADER INSTALLATION TOOL', NULL, 32.40, 1, '2013-07-11 10:26:00', '2013-07-11 10:26:00'),
(51, 5, 'SCA-4/40', NULL, 'SCA-4/40 CONVERSION KIT ', NULL, 26.50, 1, '2013-07-11 10:26:00', '2013-07-11 10:26:00'),
(52, 5, 'SCA-6/32', NULL, 'SCA-6/32 CONVERSION KIT', NULL, 22.50, 1, '2013-07-11 10:26:00', '2013-07-11 10:26:00'),
(53, 5, 'SCA-8/32', NULL, 'SCA-8/32 CONVERSION KIT', NULL, 22.50, 1, '2013-07-11 10:26:00', '2013-07-11 10:26:00'),
(54, 5, 'SCA-10/24', NULL, 'SCA-10/24 CONVERSION KIT', NULL, 27.85, 1, '2013-07-11 10:26:00', '2013-07-11 10:26:00'),
(55, 5, 'SCA-10/32', NULL, 'SCA-10/32 CONVERSION KIT', NULL, 22.50, 1, '2013-07-11 10:26:00', '2013-07-11 10:26:00'),
(56, 5, 'SCA-1/4-20', 'SCA-25-20', 'SCA-1/4-20 CONVERSION KIT', NULL, 34.50, 1, '2013-07-11 10:26:00', '2013-07-11 10:26:00'),
(57, 5, 'SCA-1/4-28', 'SCA-25-28', 'SCA-1/4-28 CONVERSION KIT', NULL, 34.55, 1, '2013-07-11 10:26:00', '2013-07-11 10:26:00'),
(58, 5, 'SCA-M4', NULL, 'SCA-M4 CONVERSION KIT', NULL, 35.20, 1, '2013-07-11 10:26:00', '2013-07-11 10:26:00'),
(59, 5, 'SCA-M5', NULL, 'SCA-M5 CONVERSION KIT', NULL, 36.20, 1, '2013-07-11 10:26:00', '2013-07-11 10:26:00'),
(60, 5, 'SCA-M6', NULL, 'SCA-M6 CONVERSION KIT', NULL, 36.20, 1, '2013-07-11 10:26:00', '2013-07-11 10:26:00'),
(61, 6, 'L16-4/40', NULL, 'L16-4/40 PULL-UP STUD', NULL, 16.55, 1, '2013-07-11 10:26:00', '2013-07-11 10:26:00'),
(62, 6, 'L16-6/32', NULL, 'L16-6/32 PULL-UP STUD', NULL, 12.50, 1, '2013-07-11 10:26:00', '2013-07-11 10:26:00'),
(63, 6, 'L16-8/32', NULL, 'L16-8/32 PULL-UP STUD', NULL, 12.50, 1, '2013-07-11 10:26:00', '2013-07-11 10:26:00'),
(64, 6, 'L16-10/24', NULL, 'L16-10/24 PULL-UP STUD', NULL, 14.95, 1, '2013-07-11 10:26:00', '2013-07-11 10:26:00'),
(65, 6, 'L16-10/32', NULL, 'L16-10/32 PULL-UP STUD', NULL, 12.50, 1, '2013-07-11 10:26:00', '2013-07-11 10:26:00'),
(66, 6, 'L16-1/4-20', 'L16-25-20', 'L16-1/4-20 PULL-UP STUD', NULL, 19.45, 1, '2013-07-11 10:26:00', '2013-07-11 10:26:00'),
(67, 6, 'L16-1/4-28', 'L16-25-28', 'L16-1/4-28 PULL-UP STUD', NULL, 19.45, 1, '2013-07-11 10:26:00', '2013-07-11 10:26:00'),
(68, 6, 'L16-M4', NULL, 'L16-M4 PULL-UP STUD', NULL, 23.35, 1, '2013-07-11 10:26:00', '2013-07-11 10:26:00'),
(69, 6, 'L16-M5', NULL, 'L16-M5 PULL-UP STUD', NULL, 23.35, 1, '2013-07-11 10:26:00', '2013-07-11 10:26:00'),
(70, 6, 'L16-M6', NULL, 'L16-M6 PULL-UP STUD', NULL, 23.35, 1, '2013-07-11 10:26:00', '2013-07-11 10:26:00'),
(71, 7, 'J70-4/40', NULL, 'J70-4/40 PULL-UP STUD', NULL, 16.55, 1, '2013-07-11 10:26:00', '2013-07-11 10:26:00'),
(72, 7, 'J70-6/32', NULL, 'J70-6/32 PULL-UP STUD', NULL, 15.00, 1, '2013-07-11 10:26:00', '2013-07-11 10:26:00'),
(73, 7, 'J70-8/32', NULL, 'J70-8/32 PULL-UP STUD', NULL, 15.00, 1, '2013-07-11 10:26:00', '2013-07-11 10:26:00'),
(74, 7, 'J70-10/24', NULL, 'J70-10/24 PULL-UP STUD', NULL, 15.00, 1, '2013-07-11 10:26:00', '2013-07-11 10:26:00'),
(75, 7, 'J70-10/32', NULL, 'J70-10/32 PULL-UP STUD', NULL, 15.00, 1, '2013-07-11 10:26:00', '2013-07-11 10:26:00'),
(76, 7, 'J70-1/4-20', 'J70-25-20', 'J70-1/4-20 PULL-UP STUD', NULL, 17.30, 1, '2013-07-11 10:26:00', '2013-07-11 10:26:00'),
(77, 7, 'J70-1/4-28', 'J70-25-28', 'J70-1/4-28 PULL-UP STUD', NULL, 17.30, 1, '2013-07-11 10:26:00', '2013-07-11 10:26:00'),
(78, 7, 'J70-M4', NULL, 'J70-M4 PULL-UP STUD', NULL, 29.50, 1, '2013-07-11 10:26:00', '2013-07-11 10:26:00'),
(79, 7, 'J70-M5', NULL, 'J70-M5 PULL-UP STUD', NULL, 29.50, 1, '2013-07-11 10:26:00', '2013-07-11 10:26:00'),
(80, 7, 'J70-M6', NULL, 'J70-M6 PULL-UP STUD', NULL, 29.50, 1, '2013-07-11 10:26:00', '2013-07-11 10:26:00');


ALTER TABLE `product_images`
  ADD CONSTRAINT `fk_product_images_products1` FOREIGN KEY (`product_id`) REFERENCES `products` (`id`) ON DELETE NO ACTION ON UPDATE NO ACTION;

ALTER TABLE `skus`
  ADD CONSTRAINT `fk_skus_products` FOREIGN KEY (`product_id`) REFERENCES `products` (`id`) ON DELETE NO ACTION ON UPDATE NO ACTION;

/*!40101 SET CHARACTER_SET_CLIENT=@OLD_CHARACTER_SET_CLIENT */;
/*!40101 SET CHARACTER_SET_RESULTS=@OLD_CHARACTER_SET_RESULTS */;
/*!40101 SET COLLATION_CONNECTION=@OLD_COLLATION_CONNECTION */;
